..\code\global.dm,71
..\code\hub.dm,3
..\code\names.dm,12
..\code\setup.dm,88
..\code\stylesheet.dm,1
..\code\world.dm,77
..\code\__HELPERS\files.dm,13
..\code\__HELPERS\game.dm,4
..\code\__HELPERS\global_lists.dm,29
..\code\__HELPERS\icons.dm,18
..\code\__HELPERS\lists.dm,12
..\code\__HELPERS\logging.dm,17
..\code\__HELPERS\maths.dm,0
..\code\__HELPERS\mobs.dm,36
..\code\__HELPERS\names.dm,474
..\code\__HELPERS\sanitize_values.dm,4
..\code\__HELPERS\text.dm,43
..\code\__HELPERS\time.dm,4
..\code\__HELPERS\type2type.dm,74
..\code\__HELPERS\unsorted.dm,130
..\code\ATMOSPHERICS\atmospherics.dm,0
..\code\ATMOSPHERICS\chiller.dm,41
..\code\ATMOSPHERICS\datum_pipe_network.dm,0
..\code\ATMOSPHERICS\datum_pipeline.dm,0
..\code\ATMOSPHERICS\he_pipes.dm,4
..\code\ATMOSPHERICS\pipes.dm,187
..\code\ATMOSPHERICS\components\portables_connector.dm,14
..\code\ATMOSPHERICS\components\tvalve.dm,33
..\code\ATMOSPHERICS\components\valve.dm,22
..\code\ATMOSPHERICS\components\binary_devices\binary_atmos_base.dm,0
..\code\ATMOSPHERICS\components\binary_devices\circulator.dm,15
..\code\ATMOSPHERICS\components\binary_devices\dp_vent_pump.dm,43
..\code\ATMOSPHERICS\components\binary_devices\passive_gate.dm,41
..\code\ATMOSPHERICS\components\binary_devices\pump.dm,44
..\code\ATMOSPHERICS\components\binary_devices\volume_pump.dm,42
..\code\ATMOSPHERICS\components\trinary_devices\filter.dm,30
..\code\ATMOSPHERICS\components\trinary_devices\mixer.dm,24
..\code\ATMOSPHERICS\components\trinary_devices\trinary_base.dm,0
..\code\ATMOSPHERICS\components\unary\cold_sink.dm,5
..\code\ATMOSPHERICS\components\unary\generator_input.dm,5
..\code\ATMOSPHERICS\components\unary\heat_exchanger.dm,11
..\code\ATMOSPHERICS\components\unary\heat_source.dm,5
..\code\ATMOSPHERICS\components\unary\outlet_injector.dm,28
..\code\ATMOSPHERICS\components\unary\oxygen_generator.dm,5
..\code\ATMOSPHERICS\components\unary\unary_base.dm,0
..\code\ATMOSPHERICS\components\unary\vent_pump.dm,72
..\code\ATMOSPHERICS\components\unary\vent_scrubber.dm,52
..\code\controllers\_DynamicAreaLighting_TG.dm,11
..\code\controllers\configuration.dm,148
..\code\controllers\failsafe.dm,4
..\code\controllers\lighting_controller.dm,9
..\code\controllers\master_controller.dm,30
..\code\controllers\shuttle_controller.dm,14
..\code\controllers\verbs.dm,76
..\code\controllers\voting.dm,91
..\code\datums\ai_laws.dm,39
..\code\datums\browser.dm,27
..\code\datums\computerfiles.dm,0
..\code\datums\datacore.dm,185
..\code\datums\datumvars.dm,329
..\code\datums\disease.dm,6
..\code\datums\mind.dm,21
..\code\datums\mixed.dm,6
..\code\datums\modules.dm,8
..\code\datums\organs.dm,0
..\code\datums\recipe.dm,1
..\code\datums\spell.dm,45
..\code\datums\sun.dm,0
..\code\datums\supplypacks.dm,232
..\code\datums\uplink_item.dm,80
..\code\datums\diseases\appendicitis.dm,17
..\code\datums\diseases\beesease.dm,0
..\code\datums\diseases\brainrot.dm,20
..\code\datums\diseases\cold.dm,21
..\code\datums\diseases\cold9.dm,17
..\code\datums\diseases\dna_spread.dm,29
..\code\datums\diseases\fake_gbs.dm,16
..\code\datums\diseases\flu.dm,19
..\code\datums\diseases\fluspanish.dm,14
..\code\datums\diseases\gbs.dm,13
..\code\datums\diseases\jungle_fever.dm,8
..\code\datums\diseases\magnitis.dm,13
..\code\datums\diseases\pierrot_throat.dm,18
..\code\datums\diseases\plasmatoid.dm,4
..\code\datums\diseases\retrovirus.dm,22
..\code\datums\diseases\rhumba_beat.dm,18
..\code\datums\diseases\robotic_transformation.dm,26
..\code\datums\diseases\wizarditis.dm,26
..\code\datums\diseases\xeno_transformation.dm,21
..\code\datums\diseases\advance\advance.dm,66
..\code\datums\diseases\advance\presets.dm,5
..\code\datums\diseases\advance\symptoms\confusion.dm,3
..\code\datums\diseases\advance\symptoms\cough.dm,3
..\code\datums\diseases\advance\symptoms\damage_converter.dm,1
..\code\datums\diseases\advance\symptoms\dizzy.dm,3
..\code\datums\diseases\advance\symptoms\fever.dm,2
..\code\datums\diseases\advance\symptoms\hallucigen.dm,2
..\code\datums\diseases\advance\symptoms\headache.dm,2
..\code\datums\diseases\advance\symptoms\heal.dm,1
..\code\datums\diseases\advance\symptoms\itching.dm,2
..\code\datums\diseases\advance\symptoms\shivering.dm,2
..\code\datums\diseases\advance\symptoms\sneeze.dm,3
..\code\datums\diseases\advance\symptoms\symptoms.dm,4
..\code\datums\diseases\advance\symptoms\voice_change.dm,4
..\code\datums\diseases\advance\symptoms\vomit.dm,5
..\code\datums\diseases\advance\symptoms\weight.dm,6
..\code\datums\helper_datums\construction_datum.dm,6
..\code\datums\helper_datums\events.dm,0
..\code\datums\helper_datums\getrev.dm,20
..\code\datums\helper_datums\global_iterator.dm,3
..\code\datums\helper_datums\teleport.dm,7
..\code\datums\helper_datums\topic_input.dm,0
..\code\datums\spells\area_teleport.dm,10
..\code\datums\spells\conjure.dm,12
..\code\datums\spells\dumbfire.dm,5
..\code\datums\spells\emplosion.dm,2
..\code\datums\spells\ethereal_jaunt.dm,14
..\code\datums\spells\explosion.dm,2
..\code\datums\spells\genetic.dm,2
..\code\datums\spells\horsemask.dm,13
..\code\datums\spells\inflict_handler.dm,6
..\code\datums\spells\knock.dm,5
..\code\datums\spells\mind_transfer.dm,17
..\code\datums\spells\projectile.dm,6
..\code\datums\spells\trigger.dm,2
..\code\datums\spells\turf_teleport.dm,2
..\code\datums\spells\wizard.dm,107
..\code\defines\obj.dm,68
..\code\defines\obj\hydro.dm,503
..\code\defines\obj\weapon.dm,316
..\code\defines\procs\AStar.dm,0
..\code\defines\procs\captain_announce.dm,3
..\code\defines\procs\command_alert.dm,5
..\code\defines\procs\dbcore.dm,15
..\code\defines\procs\sd_Alert.dm,19
..\code\defines\procs\statistics.dm,24
..\code\game\asteroid.dm,30
..\code\game\atoms.dm,37
..\code\game\atoms_movable.dm,0
..\code\game\communications.dm,30
..\code\game\dna.dm,523
..\code\game\hud.dm,89
..\code\game\response_team.dm,45
..\code\game\shuttle_engines.dm,17
..\code\game\skincmd.dm,2
..\code\game\smoothwall.dm,5
..\code\game\socket_talk.dm,9
..\code\game\sound.dm,17
..\code\game\supplyshuttle.dm,151
..\code\game\area\ai_monitored.dm,1
..\code\game\area\areas.dm,29
..\code\game\area\Space Station 13 areas.dm,665
..\code\game\gamemodes\events.dm,257
..\code\game\gamemodes\factions.dm,17
..\code\game\gamemodes\game_mode.dm,66
..\code\game\gamemodes\gameticker.dm,61
..\code\game\gamemodes\intercept_report.dm,80
..\code\game\gamemodes\objective.dm,125
..\code\game\gamemodes\setupgame.dm,28
..\code\game\gamemodes\autotraitor\autotraitor.dm,20
..\code\game\gamemodes\blob\blob.dm,12
..\code\game\gamemodes\blob\blob_finish.dm,19
..\code\game\gamemodes\blob\blob_report.dm,10
..\code\game\gamemodes\blob\hud.dm,4
..\code\game\gamemodes\blob\overmind.dm,24
..\code\game\gamemodes\blob\powers.dm,56
..\code\game\gamemodes\blob\theblob.dm,10
..\code\game\gamemodes\blob\blobs\core.dm,2
..\code\game\gamemodes\blob\blobs\factory.dm,8
..\code\game\gamemodes\blob\blobs\node.dm,2
..\code\game\gamemodes\blob\blobs\resource.dm,2
..\code\game\gamemodes\blob\blobs\shield.dm,3
..\code\game\gamemodes\changeling\changeling.dm,71
..\code\game\gamemodes\changeling\changeling_powers.dm,178
..\code\game\gamemodes\changeling\modularchangling.dm,77
..\code\game\gamemodes\changeling\traitor_chan.dm,8
..\code\game\gamemodes\cult\cult.dm,116
..\code\game\gamemodes\cult\cult_items.dm,44
..\code\game\gamemodes\cult\cult_structures.dm,15
..\code\game\gamemodes\cult\ritual.dm,345
..\code\game\gamemodes\cult\runes.dm,227
..\code\game\gamemodes\cult\talisman.dm,59
..\code\game\gamemodes\events\biomass.dm,6
..\code\game\gamemodes\events\black_hole.dm,3
..\code\game\gamemodes\events\clang.dm,7
..\code\game\gamemodes\events\dust.dm,8
..\code\game\gamemodes\events\miniblob.dm,2
..\code\game\gamemodes\events\ninja_abilities.dm,76
..\code\game\gamemodes\events\ninja_equipment.dm,360
..\code\game\gamemodes\events\power_failure.dm,15
..\code\game\gamemodes\events\space_ninja.dm,110
..\code\game\gamemodes\events\spacevines.dm,23
..\code\game\gamemodes\events\wormholes.dm,4
..\code\game\gamemodes\events\holidays\Christmas.dm,22
..\code\game\gamemodes\events\holidays\Holidays.dm,62
..\code\game\gamemodes\events\holidays\Other.dm,2
..\code\game\gamemodes\extended\extended.dm,5
..\code\game\gamemodes\heist\heist.dm,58
..\code\game\gamemodes\malfunction\Malf_Modules.dm,79
..\code\game\gamemodes\malfunction\malfunction.dm,66
..\code\game\gamemodes\meteor\meteor.dm,13
..\code\game\gamemodes\meteor\meteors.dm,8
..\code\game\gamemodes\nuclear\nuclear.dm,87
..\code\game\gamemodes\nuclear\nuclearbomb.dm,116
..\code\game\gamemodes\nuclear\pinpointer.dm,68
..\code\game\gamemodes\revolution\revolution.dm,91
..\code\game\gamemodes\sandbox\h_sandbox.dm,59
..\code\game\gamemodes\sandbox\sandbox.dm,5
..\code\game\gamemodes\traitor\doubleagent.dm,17
..\code\game\gamemodes\traitor\traitor.dm,67
..\code\game\gamemodes\wizard\rightandwrong.dm,45
..\code\game\gamemodes\wizard\soulstone.dm,69
..\code\game\gamemodes\wizard\spellbook.dm,153
..\code\game\gamemodes\wizard\veilrender.dm,9
..\code\game\gamemodes\wizard\wizard.dm,42
..\code\game\jobs\access.dm,109
..\code\game\jobs\job_controller.dm,22
..\code\game\jobs\jobprocs.dm,15
..\code\game\jobs\jobs.dm,38
..\code\game\jobs\whitelist.dm,9
..\code\game\jobs\job\assistant.dm,8
..\code\game\jobs\job\captain.dm,9
..\code\game\jobs\job\civilian.dm,47
..\code\game\jobs\job\civilian_chaplain.dm,125
..\code\game\jobs\job\engineering.dm,15
..\code\game\jobs\job\job.dm,4
..\code\game\jobs\job\medical.dm,26
..\code\game\jobs\job\paramedic.dm,4
..\code\game\jobs\job\science.dm,18
..\code\game\jobs\job\security.dm,19
..\code\game\jobs\job\silicon.dm,12
..\code\game\machinery\adv_med.dm,110
..\code\game\machinery\ai_slipper.dm,24
..\code\game\machinery\airlock_control.dm,47
..\code\game\machinery\alarm.dm,349
..\code\game\machinery\atmo_control.dm,121
..\code\game\machinery\autolathe.dm,72
..\code\game\machinery\Beacon.dm,6
..\code\game\machinery\bees.dm,14
..\code\game\machinery\bees_apiary.dm,22
..\code\game\machinery\bees_items.dm,35
..\code\game\machinery\biogenerator.dm,72
..\code\game\machinery\buttons.dm,12
..\code\game\machinery\cell_charger.dm,15
..\code\game\machinery\cloning.dm,54
..\code\game\machinery\constructable_frame.dm,250
..\code\game\machinery\cryo.dm,44
..\code\game\machinery\defibcharger.dm,15
..\code\game\machinery\deployable.dm,32
..\code\game\machinery\door_control.dm,14
..\code\game\machinery\doppler_array.dm,13
..\code\game\machinery\flasher.dm,23
..\code\game\machinery\floodlight.dm,13
..\code\game\machinery\Freezer.dm,59
..\code\game\machinery\hologram.dm,20
..\code\game\machinery\holosign.dm,13
..\code\game\machinery\hydroponics.dm,157
..\code\game\machinery\igniter.dm,31
..\code\game\machinery\iv_drip.dm,29
..\code\game\machinery\lightswitch.dm,9
..\code\game\machinery\machinery.dm,9
..\code\game\machinery\magnet.dm,78
..\code\game\machinery\mass_driver.dm,5
..\code\game\machinery\mommi_spawner.dm,15
..\code\game\machinery\navbeacon.dm,50
..\code\game\machinery\newscaster.dm,335
..\code\game\machinery\OpTable.dm,12
..\code\game\machinery\overview.dm,32
..\code\game\machinery\portable_turret.dm,131
..\code\game\machinery\recharger.dm,19
..\code\game\machinery\rechargestation.dm,32
..\code\game\machinery\requests_console.dm,0
..\code\game\machinery\seed_extractor.dm,6
..\code\game\machinery\shieldgen.dm,60
..\code\game\machinery\Sleeper.dm,134
..\code\game\machinery\spaceheater.dm,39
..\code\game\machinery\status_display.dm,68
..\code\game\machinery\suit_storage_unit.dm,95
..\code\game\machinery\syndicatebeacon.dm,44
..\code\game\machinery\teleporter.dm,40
..\code\game\machinery\transformer.dm,5
..\code\game\machinery\turrets.dm,76
..\code\game\machinery\vending.dm,193
..\code\game\machinery\washing_machine.dm,34
..\code\game\machinery\wishgranter.dm,12
..\code\game\machinery\atmoalter\area_atmos_computer.dm,20
..\code\game\machinery\atmoalter\canister.dm,68
..\code\game\machinery\atmoalter\meter.dm,27
..\code\game\machinery\atmoalter\portable_atmospherics.dm,16
..\code\game\machinery\atmoalter\pump.dm,16
..\code\game\machinery\atmoalter\scrubber.dm,25
..\code\game\machinery\atmoalter\zvent.dm,2
..\code\game\machinery\bots\bots.dm,17
..\code\game\machinery\bots\cleanbot.dm,53
..\code\game\machinery\bots\ed209bot.dm,149
..\code\game\machinery\bots\floorbot.dm,56
..\code\game\machinery\bots\medbot.dm,106
..\code\game\machinery\bots\mulebot.dm,200
..\code\game\machinery\bots\secbot.dm,93
..\code\game\machinery\camera\camera.dm,37
..\code\game\machinery\camera\camera_assembly.dm,34
..\code\game\machinery\camera\motion.dm,2
..\code\game\machinery\camera\presets.dm,2
..\code\game\machinery\camera\tracking.dm,19
..\code\game\machinery\camera\wires.dm,30
..\code\game\machinery\computer\ai_core.dm,128
..\code\game\machinery\computer\aifixer.dm,30
..\code\game\machinery\computer\arcade.dm,89
..\code\game\machinery\computer\atmos_alert.dm,22
..\code\game\machinery\computer\buildandrepair.dm,179
..\code\game\machinery\computer\camera.dm,36
..\code\game\machinery\computer\card.dm,94
..\code\game\machinery\computer\cloning.dm,156
..\code\game\machinery\computer\communications.dm,183
..\code\game\machinery\computer\computer.dm,7
..\code\game\machinery\computer\crew.dm,27
..\code\game\machinery\computer\HolodeckControl.dm,112
..\code\game\machinery\computer\hologram.dm,28
..\code\game\machinery\computer\law.dm,22
..\code\game\machinery\computer\medical.dm,322
..\code\game\machinery\computer\message.dm,128
..\code\game\machinery\computer\Operating.dm,10
..\code\game\machinery\computer\pod.dm,38
..\code\game\machinery\computer\power.dm,32
..\code\game\machinery\computer\prisoner.dm,33
..\code\game\machinery\computer\prisonshuttle.dm,30
..\code\game\machinery\computer\robot.dm,73
..\code\game\machinery\computer\security.dm,360
..\code\game\machinery\computer\shuttle.dm,29
..\code\game\machinery\computer\specops_shuttle.dm,54
..\code\game\machinery\computer\station_alert.dm,22
..\code\game\machinery\computer\syndicate_shuttle.dm,16
..\code\game\machinery\computer\syndicate_specops_shuttle.dm,21
..\code\game\machinery\computer\vox_shuttle.dm,16
..\code\game\machinery\doors\airlock.dm,121
..\code\game\machinery\doors\airlock_electronics.dm,26
..\code\game\machinery\doors\alarmlock.dm,6
..\code\game\machinery\doors\brigdoors.dm,40
..\code\game\machinery\doors\checkForMultipleDoors.dm,0
..\code\game\machinery\doors\door.dm,20
..\code\game\machinery\doors\firedoor.dm,42
..\code\game\machinery\doors\multi_tile.dm,2
..\code\game\machinery\doors\poddoor.dm,11
..\code\game\machinery\doors\shutters.dm,8
..\code\game\machinery\doors\unpowered.dm,2
..\code\game\machinery\doors\windowdoor.dm,35
..\code\game\machinery\embedded_controller\access_controller.dm,110
..\code\game\machinery\embedded_controller\airlock_controller.dm,141
..\code\game\machinery\embedded_controller\embedded_controller_base.dm,4
..\code\game\machinery\embedded_controller\simple_vent_controller.dm,23
..\code\game\machinery\embedded_controller\smart_airlock_controller.dm,175
..\code\game\machinery\kitchen\gibber.dm,28
..\code\game\machinery\kitchen\juicer.dm,33
..\code\game\machinery\kitchen\microwave.dm,2
..\code\game\machinery\kitchen\monkeyrecycler.dm,10
..\code\game\machinery\kitchen\processor.dm,25
..\code\game\machinery\kitchen\smartfridge.dm,11
..\code\game\machinery\pipe\construction.dm,71
..\code\game\machinery\pipe\pipe_dispenser.dm,29
..\code\game\machinery\telecomms\broadcaster.dm,17
..\code\game\machinery\telecomms\logbrowser.dm,75
..\code\game\machinery\telecomms\machine_interactions.dm,82
..\code\game\machinery\telecomms\presets.dm,88
..\code\game\machinery\telecomms\telecomunications.dm,148
..\code\game\machinery\telecomms\telemonitor.dm,42
..\code\game\machinery\telecomms\traffic_control.dm,97
..\code\game\magic\Uristrunes.dm,101
..\code\game\mecha\mech_bay.dm,31
..\code\game\mecha\mech_fabricator.dm,156
..\code\game\mecha\mecha.dm,293
..\code\game\mecha\mecha_construction_paths.dm,912
..\code\game\mecha\mecha_control_console.dm,41
..\code\game\mecha\mecha_parts.dm,241
..\code\game\mecha\mecha_wreckage.dm,40
..\code\game\mecha\combat\combat.dm,40
..\code\game\mecha\combat\durand.dm,19
..\code\game\mecha\combat\gygax.dm,29
..\code\game\mecha\combat\honker.dm,39
..\code\game\mecha\combat\marauder.dm,36
..\code\game\mecha\combat\phazon.dm,32
..\code\game\mecha\equipment\mecha_equipment.dm,22
..\code\game\mecha\equipment\tools\medical_tools.dm,127
..\code\game\mecha\equipment\tools\tools.dm,219
..\code\game\mecha\equipment\weapons\weapons.dm,58
..\code\game\mecha\medical\medical.dm,0
..\code\game\mecha\medical\odysseus.dm,12
..\code\game\mecha\working\ripley.dm,22
..\code\game\mecha\working\working.dm,0
..\code\game\objects\empulse.dm,4
..\code\game\objects\explosion.dm,4
..\code\game\objects\explosion_recursive.dm,6
..\code\game\objects\items.dm,65
..\code\game\objects\objs.dm,1
..\code\game\objects\structures.dm,0
..\code\game\objects\weapons.dm,1
..\code\game\objects\closets\walllocker.dm,21
..\code\game\objects\effects\aliens.dm,52
..\code\game\objects\effects\barsign.dm,15
..\code\game\objects\effects\bump_teleporter.dm,2
..\code\game\objects\effects\effect_system.dm,67
..\code\game\objects\effects\gibs.dm,5
..\code\game\objects\effects\glowshroom.dm,4
..\code\game\objects\effects\landmarks.dm,23
..\code\game\objects\effects\manifest.dm,5
..\code\game\objects\effects\mines.dm,21
..\code\game\objects\effects\misc.dm,3
..\code\game\objects\effects\overlays.dm,9
..\code\game\objects\effects\portals.dm,5
..\code\game\objects\effects\spiders.dm,27
..\code\game\objects\effects\step_triggers.dm,0
..\code\game\objects\effects\decals\cleanable.dm,0
..\code\game\objects\effects\decals\contraband.dm,48
..\code\game\objects\effects\decals\crayon.dm,20
..\code\game\objects\effects\decals\misc.dm,3
..\code\game\objects\effects\decals\remains.dm,9
..\code\game\objects\effects\decals\Cleanable\aliens.dm,50
..\code\game\objects\effects\decals\Cleanable\fuel.dm,2
..\code\game\objects\effects\decals\Cleanable\humans.dm,63
..\code\game\objects\effects\decals\Cleanable\misc.dm,44
..\code\game\objects\effects\decals\Cleanable\robots.dm,45
..\code\game\objects\effects\spawners\bombspawner.dm,2
..\code\game\objects\effects\spawners\gibspawner.dm,0
..\code\game\objects\effects\spawners\vaultspawner.dm,3
..\code\game\objects\items\apc_frame.dm,9
..\code\game\objects\items\blueprints.dm,31
..\code\game\objects\items\bodybag.dm,31
..\code\game\objects\items\candle.dm,8
..\code\game\objects\items\contraband.dm,4
..\code\game\objects\items\crayons.dm,88
..\code\game\objects\items\latexballoon.dm,9
..\code\game\objects\items\shooting_range.dm,15
..\code\game\objects\items\tk_grab.dm,6
..\code\game\objects\items\toys.dm,173
..\code\game\objects\items\trash.dm,31
..\code\game\objects\items\devices\aicard.dm,42
..\code\game\objects\items\devices\chameleonproj.dm,16
..\code\game\objects\items\devices\debugger.dm,0
..\code\game\objects\items\devices\flash.dm,45
..\code\game\objects\items\devices\flashlight.dm,45
..\code\game\objects\items\devices\handtv.dm,5
..\code\game\objects\items\devices\lightreplacer.dm,18
..\code\game\objects\items\devices\multitool.dm,0
..\code\game\objects\items\devices\paicard.dm,62
..\code\game\objects\items\devices\powersink.dm,18
..\code\game\objects\items\devices\scanners.dm,113
..\code\game\objects\items\devices\taperecorder.dm,74
..\code\game\objects\items\devices\traitordevices.dm,11
..\code\game\objects\items\devices\transfer_valve.dm,34
..\code\game\objects\items\devices\uplinks.dm,33
..\code\game\objects\items\devices\violin.dm,237
..\code\game\objects\items\devices\whistle.dm,5
..\code\game\objects\items\devices\PDA\cart.dm,254
..\code\game\objects\items\devices\PDA\chatroom.dm,4
..\code\game\objects\items\devices\PDA\PDA.dm,332
..\code\game\objects\items\devices\PDA\radio.dm,82
..\code\game\objects\items\devices\radio\beacon.dm,13
..\code\game\objects\items\devices\radio\electropack.dm,18
..\code\game\objects\items\devices\radio\encryptionkey.dm,96
..\code\game\objects\items\devices\radio\headset.dm,70
..\code\game\objects\items\devices\radio\intercom.dm,5
..\code\game\objects\items\devices\radio\radio.dm,131
..\code\game\objects\items\robot\robot_items.dm,0
..\code\game\objects\items\robot\robot_parts.dm,81
..\code\game\objects\items\robot\robot_upgrades.dm,76
..\code\game\objects\items\stacks\medical.dm,53
..\code\game\objects\items\stacks\nanopaste.dm,11
..\code\game\objects\items\stacks\rods.dm,14
..\code\game\objects\items\stacks\stack.dm,28
..\code\game\objects\items\stacks\sheets\glass.dm,58
..\code\game\objects\items\stacks\sheets\leather.dm,62
..\code\game\objects\items\stacks\sheets\light.dm,4
..\code\game\objects\items\stacks\sheets\mineral.dm,47
..\code\game\objects\items\stacks\sheets\sheet_types.dm,73
..\code\game\objects\items\stacks\sheets\sheets.dm,6
..\code\game\objects\items\stacks\tiles\light.dm,9
..\code\game\objects\items\stacks\tiles\plasteel.dm,4
..\code\game\objects\items\stacks\tiles\tile_types.dm,13
..\code\game\objects\items\weapons\AI_modules.dm,28
..\code\game\objects\items\weapons\cards_ids.dm,73
..\code\game\objects\items\weapons\cigs_lighters.dm,112
..\code\game\objects\items\weapons\clown_items.dm,7
..\code\game\objects\items\weapons\cosmetics.dm,32
..\code\game\objects\items\weapons\defib.dm,36
..\code\game\objects\items\weapons\dice.dm,14
..\code\game\objects\items\weapons\dna_injector.dm,214
..\code\game\objects\items\weapons\explosives.dm,11
..\code\game\objects\items\weapons\extinguisher.dm,24
..\code\game\objects\items\weapons\flamethrower.dm,33
..\code\game\objects\items\weapons\gift_wrappaper.dm,24
..\code\game\objects\items\weapons\handcuffs.dm,29
..\code\game\objects\items\weapons\hydroponics.dm,17
..\code\game\objects\items\weapons\kitchen.dm,115
..\code\game\objects\items\weapons\manuals.dm,0
..\code\game\objects\items\weapons\mop.dm,10
..\code\game\objects\items\weapons\paint.dm,55
..\code\game\objects\items\weapons\paiwire.dm,5
..\code\game\objects\items\weapons\power_cells.dm,38
..\code\game\objects\items\weapons\RCD.dm,25
..\code\game\objects\items\weapons\RPD.dm,30
..\code\game\objects\items\weapons\RSF.dm,49
..\code\game\objects\items\weapons\scrolls.dm,17
..\code\game\objects\items\weapons\shields.dm,24
..\code\game\objects\items\weapons\stunbaton.dm,25
..\code\game\objects\items\weapons\surgery_tools.dm,55
..\code\game\objects\items\weapons\swords_axes_etc.dm,64
..\code\game\objects\items\weapons\table_rack_parts.dm,2
..\code\game\objects\items\weapons\teleportation.dm,42
..\code\game\objects\items\weapons\tools.dm,124
..\code\game\objects\items\weapons\twohanded.dm,41
..\code\game\objects\items\weapons\weaponry.dm,65
..\code\game\objects\items\weapons\wires.dm,6
..\code\game\objects\items\weapons\grenades\chem_grenade.dm,65
..\code\game\objects\items\weapons\grenades\emgrenade.dm,4
..\code\game\objects\items\weapons\grenades\flashbang.dm,20
..\code\game\objects\items\weapons\grenades\grenade.dm,20
..\code\game\objects\items\weapons\grenades\smokebomb.dm,4
..\code\game\objects\items\weapons\grenades\spawnergrenade.dm,10
..\code\game\objects\items\weapons\implants\implant.dm,116
..\code\game\objects\items\weapons\implants\implantcase.dm,27
..\code\game\objects\items\weapons\implants\implantchair.dm,25
..\code\game\objects\items\weapons\implants\implanter.dm,21
..\code\game\objects\items\weapons\implants\implantfreedom.dm,25
..\code\game\objects\items\weapons\implants\implantpad.dm,15
..\code\game\objects\items\weapons\implants\implantuplink.dm,40
..\code\game\objects\items\weapons\melee\energy.dm,38
..\code\game\objects\items\weapons\melee\misc.dm,10
..\code\game\objects\items\weapons\storage\backpack.dm,78
..\code\game\objects\items\weapons\storage\bags.dm,30
..\code\game\objects\items\weapons\storage\belt.dm,82
..\code\game\objects\items\weapons\storage\bible.dm,34
..\code\game\objects\items\weapons\storage\boxes.dm,103
..\code\game\objects\items\weapons\storage\briefcase.dm,11
..\code\game\objects\items\weapons\storage\fancy.dm,57
..\code\game\objects\items\weapons\storage\firstaid.dm,43
..\code\game\objects\items\weapons\storage\lockbox.dm,22
..\code\game\objects\items\weapons\storage\secure.dm,48
..\code\game\objects\items\weapons\storage\storage.dm,38
..\code\game\objects\items\weapons\storage\toolbox.dm,36
..\code\game\objects\items\weapons\storage\uplink_kits.dm,27
..\code\game\objects\items\weapons\storage\wallets.dm,31
..\code\game\objects\items\weapons\tanks\jetpack.dm,25
..\code\game\objects\items\weapons\tanks\tank_types.dm,31
..\code\game\objects\items\weapons\tanks\tanks.dm,34
..\code\game\objects\storage\coat.dm,22
..\code\game\objects\structures\barsign.dm,15
..\code\game\objects\structures\bedsheet_bin.dm,50
..\code\game\objects\structures\displaycase.dm,9
..\code\game\objects\structures\door_assembly.dm,109
..\code\game\objects\structures\electricchair.dm,14
..\code\game\objects\structures\extinguisher.dm,9
..\code\game\objects\structures\false_walls.dm,0
..\code\game\objects\structures\flora.dm,52
..\code\game\objects\structures\girders.dm,46
..\code\game\objects\structures\grille.dm,25
..\code\game\objects\structures\janicart.dm,29
..\code\game\objects\structures\kitchen_spike.dm,16
..\code\game\objects\structures\ladders.dm,23
..\code\game\objects\structures\lamarr_cage.dm,10
..\code\game\objects\structures\lattice.dm,6
..\code\game\objects\structures\mineral_doors.dm,27
..\code\game\objects\structures\mirror.dm,17
..\code\game\objects\structures\mop_bucket.dm,6
..\code\game\objects\structures\morgue.dm,42
..\code\game\objects\structures\musician.dm,250
..\code\game\objects\structures\noticeboard.dm,26
..\code\game\objects\structures\safe.dm,32
..\code\game\objects\structures\signs.dm,62
..\code\game\objects\structures\tables_racks.dm,76
..\code\game\objects\structures\tank_dispenser.dm,21
..\code\game\objects\structures\target_stake.dm,6
..\code\game\objects\structures\transit_tubes.dm,49
..\code\game\objects\structures\watercloset.dm,83
..\code\game\objects\structures\windoor_assembly.dm,75
..\code\game\objects\structures\window.dm,71
..\code\game\objects\structures\crates_lockers\closets.dm,21
..\code\game\objects\structures\crates_lockers\crates.dm,113
..\code\game\objects\structures\crates_lockers\largecrate.dm,15
..\code\game\objects\structures\crates_lockers\closets\coffin.dm,5
..\code\game\objects\structures\crates_lockers\closets\crittercrate.dm,5
..\code\game\objects\structures\crates_lockers\closets\fireaxe.dm,37
..\code\game\objects\structures\crates_lockers\closets\fitness.dm,16
..\code\game\objects\structures\crates_lockers\closets\gimmick.dm,35
..\code\game\objects\structures\crates_lockers\closets\job_closets.dm,16
..\code\game\objects\structures\crates_lockers\closets\l3closet.dm,20
..\code\game\objects\structures\crates_lockers\closets\malfunction.dm,4
..\code\game\objects\structures\crates_lockers\closets\syndicate.dm,11
..\code\game\objects\structures\crates_lockers\closets\utility_closets.dm,52
..\code\game\objects\structures\crates_lockers\closets\wardrobe.dm,66
..\code\game\objects\structures\crates_lockers\closets\secure\bar.dm,7
..\code\game\objects\structures\crates_lockers\closets\secure\cargo.dm,14
..\code\game\objects\structures\crates_lockers\closets\secure\engineering.dm,28
..\code\game\objects\structures\crates_lockers\closets\secure\freezer.dm,22
..\code\game\objects\structures\crates_lockers\closets\secure\hydroponics.dm,7
..\code\game\objects\structures\crates_lockers\closets\secure\medical.dm,73
..\code\game\objects\structures\crates_lockers\closets\secure\personal.dm,17
..\code\game\objects\structures\crates_lockers\closets\secure\scientist.dm,14
..\code\game\objects\structures\crates_lockers\closets\secure\secure_closets.dm,27
..\code\game\objects\structures\crates_lockers\closets\secure\security.dm,59
..\code\game\objects\structures\stool_bed_chair_nest\alien_nests.dm,13
..\code\game\objects\structures\stool_bed_chair_nest\bed.dm,28
..\code\game\objects\structures\stool_bed_chair_nest\chairs.dm,21
..\code\game\objects\structures\stool_bed_chair_nest\stools.dm,11
..\code\game\turfs\simulated.dm,18
..\code\game\turfs\turf.dm,3
..\code\game\turfs\unsimulated.dm,1
..\code\game\turfs\simulated\floor.dm,145
..\code\game\turfs\simulated\floor_types.dm,55
..\code\game\turfs\simulated\walls.dm,76
..\code\game\turfs\simulated\walls_mineral.dm,39
..\code\game\turfs\simulated\walls_misc.dm,4
..\code\game\turfs\simulated\walls_reinforced.dm,55
..\code\game\turfs\space\space.dm,15
..\code\game\turfs\space\transit.dm,31
..\code\game\turfs\unsimulated\beach.dm,11
..\code\game\turfs\unsimulated\floor.dm,2
..\code\game\turfs\unsimulated\walls.dm,7
..\code\game\verbs\atom_verbs.dm,5
..\code\game\verbs\ooc.dm,41
..\code\game\verbs\suicide.dm,83
..\code\game\verbs\who.dm,40
..\code\js\byjax.dm,2
..\code\js\menus.dm,1
..\code\modules\admin\admin.dm,369
..\code\modules\admin\admin_investigate.dm,17
..\code\modules\admin\admin_memo.dm,20
..\code\modules\admin\admin_ranks.dm,44
..\code\modules\admin\admin_verbs.dm,218
..\code\modules\admin\banappearance.dm,19
..\code\modules\admin\banjob.dm,22
..\code\modules\admin\create_mob.dm,6
..\code\modules\admin\create_object.dm,20
..\code\modules\admin\create_turf.dm,6
..\code\modules\admin\holder2.dm,7
..\code\modules\admin\IsBanned.dm,34
..\code\modules\admin\NewBan.dm,110
..\code\modules\admin\newbanjob.dm,142
..\code\modules\admin\player_notes.dm,26
..\code\modules\admin\player_panel.dm,141
..\code\modules\admin\topic.dm,249
..\code\modules\admin\ToRban.dm,38
..\code\modules\admin\DB ban\functions.dm,160
..\code\modules\admin\permissionverbs\permissionedit.dm,32
..\code\modules\admin\verbs\adminhelp.dm,12
..\code\modules\admin\verbs\adminjump.dm,74
..\code\modules\admin\verbs\adminpm.dm,35
..\code\modules\admin\verbs\adminsay.dm,12
..\code\modules\admin\verbs\atmosdebug.dm,15
..\code\modules\admin\verbs\BrokenInhands.dm,5
..\code\modules\admin\verbs\check_customitem_activity.dm,22
..\code\modules\admin\verbs\cinematic.dm,22
..\code\modules\admin\verbs\custom_event.dm,23
..\code\modules\admin\verbs\deadsay.dm,9
..\code\modules\admin\verbs\debug.dm,335
..\code\modules\admin\verbs\diagnostics.dm,64
..\code\modules\admin\verbs\getlogs.dm,31
..\code\modules\admin\verbs\mapping.dm,62
..\code\modules\admin\verbs\massmodvar.dm,86
..\code\modules\admin\verbs\modifyvariables.dm,345
..\code\modules\admin\verbs\one_click_antag.dm,92
..\code\modules\admin\verbs\onlyone.dm,10
..\code\modules\admin\verbs\playsound.dm,12
..\code\modules\admin\verbs\possess.dm,18
..\code\modules\admin\verbs\pray.dm,11
..\code\modules\admin\verbs\randomverbs.dm,380
..\code\modules\admin\verbs\striketeam.dm,44
..\code\modules\admin\verbs\striketeam_syndicate.dm,46
..\code\modules\admin\verbs\ticklag.dm,15
..\code\modules\admin\verbs\tripAI.dm,9
..\code\modules\admin\verbs\vox_raiders.dm,4
..\code\modules\assembly\assembly.dm,9
..\code\modules\assembly\bomb.dm,11
..\code\modules\assembly\helpers.dm,0
..\code\modules\assembly\holder.dm,39
..\code\modules\assembly\igniter.dm,4
..\code\modules\assembly\infrared.dm,24
..\code\modules\assembly\mousetrap.dm,33
..\code\modules\assembly\proximity.dm,31
..\code\modules\assembly\shock_kit.dm,4
..\code\modules\assembly\signaler.dm,27
..\code\modules\assembly\timer.dm,24
..\code\modules\awaymissions\bluespaceartillery.dm,14
..\code\modules\awaymissions\corpse.dm,33
..\code\modules\awaymissions\exile.dm,8
..\code\modules\awaymissions\gateway.dm,18
..\code\modules\awaymissions\loot.dm,2
..\code\modules\awaymissions\pamphlet.dm,3
..\code\modules\awaymissions\trigger.dm,1
..\code\modules\awaymissions\zlevel.dm,8
..\code\modules\awaymissions\maploader\dmm_suite.dm,0
..\code\modules\awaymissions\maploader\reader.dm,41
..\code\modules\awaymissions\maploader\swapmaps.dm,82
..\code\modules\awaymissions\maploader\writer.dm,99
..\code\modules\client\client defines.dm,4
..\code\modules\client\client procs.dm,38
..\code\modules\client\preferences.dm,485
..\code\modules\client\preferences_savefile.dm,116
..\code\modules\client\preferences_toggles.dm,76
..\code\modules\clothing\clothing.dm,56
..\code\modules\clothing\glasses\glasses.dm,93
..\code\modules\clothing\glasses\hud.dm,56
..\code\modules\clothing\gloves\boxing.dm,16
..\code\modules\clothing\gloves\color.dm,66
..\code\modules\clothing\gloves\miscellaneous.dm,31
..\code\modules\clothing\gloves\stungloves.dm,11
..\code\modules\clothing\head\collectable.dm,74
..\code\modules\clothing\head\hardhat.dm,22
..\code\modules\clothing\head\helmet.dm,23
..\code\modules\clothing\head\jobs.dm,33
..\code\modules\clothing\head\misc.dm,126
..\code\modules\clothing\head\misc_special.dm,51
..\code\modules\clothing\head\soft_caps.dm,52
..\code\modules\clothing\masks\boxing.dm,16
..\code\modules\clothing\masks\breath.dm,23
..\code\modules\clothing\masks\gasmask.dm,50
..\code\modules\clothing\masks\miscellaneous.dm,35
..\code\modules\clothing\shoes\colour.dm,51
..\code\modules\clothing\shoes\magboots.dm,12
..\code\modules\clothing\shoes\miscellaneous.dm,55
..\code\modules\clothing\spacesuits\alien.dm,58
..\code\modules\clothing\spacesuits\captain.dm,8
..\code\modules\clothing\spacesuits\ert.dm,39
..\code\modules\clothing\spacesuits\miscellaneous.dm,38
..\code\modules\clothing\spacesuits\ninja.dm,15
..\code\modules\clothing\spacesuits\rig.dm,78
..\code\modules\clothing\spacesuits\syndi.dm,75
..\code\modules\clothing\spacesuits\void.dm,8
..\code\modules\clothing\suits\alien.dm,8
..\code\modules\clothing\suits\armor.dm,70
..\code\modules\clothing\suits\bio.dm,23
..\code\modules\clothing\suits\jobs.dm,94
..\code\modules\clothing\suits\labcoat.dm,70
..\code\modules\clothing\suits\miscellaneous.dm,162
..\code\modules\clothing\suits\utility.dm,27
..\code\modules\clothing\suits\wiz_robe.dm,54
..\code\modules\clothing\under\chameleon.dm,22
..\code\modules\clothing\under\color.dm,95
..\code\modules\clothing\under\miscellaneous.dm,237
..\code\modules\clothing\under\shorts.dm,12
..\code\modules\clothing\under\syndicate.dm,11
..\code\modules\clothing\under\ties.dm,146
..\code\modules\clothing\under\jobs\civilian.dm,96
..\code\modules\clothing\under\jobs\engineering.dm,20
..\code\modules\clothing\under\jobs\medsci.dm,87
..\code\modules\clothing\under\jobs\security.dm,53
..\code\modules\customitems\item_spawning.dm,1
..\code\modules\customitems\definitions\base.dm,0
..\code\modules\DetectiveWork\detective_scanner.dm,69
..\code\modules\DetectiveWork\detective_work.dm,173
..\code\modules\DetectiveWork\evidence.dm,32
..\code\modules\DetectiveWork\footprints_and_rag.dm,9
..\code\modules\events\alien_infestation.dm,2
..\code\modules\events\blob.dm,2
..\code\modules\events\brand_intelligence.dm,9
..\code\modules\events\carp_migration.dm,3
..\code\modules\events\comms_blackout.dm,4
..\code\modules\events\communications_blackout.dm,9
..\code\modules\events\disease_outbreak.dm,5
..\code\modules\events\electrical_storm.dm,3
..\code\modules\events\event.dm,0
..\code\modules\events\event_dynamic.dm,67
..\code\modules\events\event_manager.dm,4
..\code\modules\events\infestation.dm,15
..\code\modules\events\ion_storm.dm,55
..\code\modules\events\masshallucination.dm,0
..\code\modules\events\meteors.dm,8
..\code\modules\events\organ_failure.dm,2
..\code\modules\events\prison_break.dm,3
..\code\modules\events\radiation_storm.dm,6
..\code\modules\events\rogue_drones.dm,9
..\code\modules\events\space_ninja.dm,0
..\code\modules\events\spacevine.dm,0
..\code\modules\events\spider_infestation.dm,2
..\code\modules\events\spontaneous_appendicitis.dm,0
..\code\modules\events\viral_infection.dm,2
..\code\modules\events\viral_outbreak.dm,2
..\code\modules\events\wallrot.dm,2
..\code\modules\ext_scripts\irc.dm,6
..\code\modules\ext_scripts\python.dm,5
..\code\modules\flufftext\Dreaming.dm,96
..\code\modules\flufftext\Hallucination.dm,28
..\code\modules\flufftext\TextFilters.dm,27
..\code\modules\food\recipes_microwave.dm,150
..\code\modules\genetics\side_effects.dm,35
..\code\modules\library\lib_items.dm,62
..\code\modules\library\lib_machines.dm,176
..\code\modules\library\lib_readme.dm,0
..\code\modules\liquid\splash_simulation.dm,11
..\code\modules\mining\machine_input_output_plates.dm,0
..\code\modules\mining\machine_processing.dm,0
..\code\modules\mining\machine_stacking.dm,0
..\code\modules\mining\machine_unloading.dm,0
..\code\modules\mining\mine_areas.dm,0
..\code\modules\mining\mine_items.dm,0
..\code\modules\mining\mine_turfs.dm,0
..\code\modules\mining\mint.dm,0
..\code\modules\mining\money_bag.dm,0
..\code\modules\mining\ores_coins.dm,0
..\code\modules\mining\satchel_ore_boxdm.dm,0
..\code\modules\mob\death.dm,2
..\code\modules\mob\emote.dm,10
..\code\modules\mob\inventory.dm,11
..\code\modules\mob\language.dm,25
..\code\modules\mob\login.dm,9
..\code\modules\mob\logout.dm,3
..\code\modules\mob\mob.dm,131
..\code\modules\mob\mob_cleanup.dm,2
..\code\modules\mob\mob_defines.dm,10
..\code\modules\mob\mob_grab.dm,34
..\code\modules\mob\mob_helpers.dm,130
..\code\modules\mob\mob_movement.dm,40
..\code\modules\mob\mob_transformation_simple.dm,6
..\code\modules\mob\say.dm,33
..\code\modules\mob\screen.dm,232
..\code\modules\mob\transform_procs.dm,47
..\code\modules\mob\update_icons.dm,0
..\code\modules\mob\camera\camera.dm,1
..\code\modules\mob\dead\death.dm,0
..\code\modules\mob\dead\observer\hud.dm,0
..\code\modules\mob\dead\observer\logout.dm,0
..\code\modules\mob\dead\observer\observer.dm,67
..\code\modules\mob\dead\observer\say.dm,5
..\code\modules\mob\living\damage_procs.dm,1
..\code\modules\mob\living\living.dm,12
..\code\modules\mob\living\living_defense.dm,19
..\code\modules\mob\living\living_defines.dm,0
..\code\modules\mob\living\login.dm,3
..\code\modules\mob\living\logout.dm,0
..\code\modules\mob\living\say.dm,398
..\code\modules\mob\living\carbon\carbon.dm,78
..\code\modules\mob\living\carbon\carbon_defines.dm,0
..\code\modules\mob\living\carbon\give.dm,32
..\code\modules\mob\living\carbon\shock.dm,4
..\code\modules\mob\living\carbon\species.dm,19
..\code\modules\mob\living\carbon\alien\alien.dm,12
..\code\modules\mob\living\carbon\alien\death.dm,4
..\code\modules\mob\living\carbon\alien\login.dm,0
..\code\modules\mob\living\carbon\alien\logout.dm,0
..\code\modules\mob\living\carbon\alien\powers.dm,3
..\code\modules\mob\living\carbon\alien\say.dm,11
..\code\modules\mob\living\carbon\alien\humanoid\alien_powers.dm,56
..\code\modules\mob\living\carbon\alien\humanoid\death.dm,3
..\code\modules\mob\living\carbon\alien\humanoid\emote.dm,64
..\code\modules\mob\living\carbon\alien\humanoid\hud.dm,54
..\code\modules\mob\living\carbon\alien\humanoid\humanoid.dm,50
..\code\modules\mob\living\carbon\alien\humanoid\inventory.dm,0
..\code\modules\mob\living\carbon\alien\humanoid\life.dm,24
..\code\modules\mob\living\carbon\alien\humanoid\login.dm,0
..\code\modules\mob\living\carbon\alien\humanoid\queen.dm,20
..\code\modules\mob\living\carbon\alien\humanoid\update_icons.dm,38
..\code\modules\mob\living\carbon\alien\humanoid\caste\drone.dm,11
..\code\modules\mob\living\carbon\alien\humanoid\caste\hunter.dm,13
..\code\modules\mob\living\carbon\alien\humanoid\caste\sentinel.dm,12
..\code\modules\mob\living\carbon\alien\larva\death.dm,3
..\code\modules\mob\living\carbon\alien\larva\emote.dm,56
..\code\modules\mob\living\carbon\alien\larva\hud.dm,26
..\code\modules\mob\living\carbon\alien\larva\inventory.dm,0
..\code\modules\mob\living\carbon\alien\larva\larva.dm,48
..\code\modules\mob\living\carbon\alien\larva\life.dm,20
..\code\modules\mob\living\carbon\alien\larva\powers.dm,24
..\code\modules\mob\living\carbon\alien\larva\update_icons.dm,5
..\code\modules\mob\living\carbon\alien\special\alien_embryo.dm,18
..\code\modules\mob\living\carbon\alien\special\facehugger.dm,21
..\code\modules\mob\living\carbon\brain\brain.dm,0
..\code\modules\mob\living\carbon\brain\brain_item.dm,19
..\code\modules\mob\living\carbon\brain\death.dm,5
..\code\modules\mob\living\carbon\brain\emote.dm,33
..\code\modules\mob\living\carbon\brain\hud.dm,3
..\code\modules\mob\living\carbon\brain\life.dm,20
..\code\modules\mob\living\carbon\brain\MMI.dm,46
..\code\modules\mob\living\carbon\brain\posibrain.dm,39
..\code\modules\mob\living\carbon\brain\say.dm,1
..\code\modules\mob\living\carbon\human\death.dm,12
..\code\modules\mob\living\carbon\human\emote.dm,179
..\code\modules\mob\living\carbon\human\examine.dm,203
..\code\modules\mob\living\carbon\human\hud.dm,94
..\code\modules\mob\living\carbon\human\human.dm,312
..\code\modules\mob\living\carbon\human\human_attackalien.dm,14
..\code\modules\mob\living\carbon\human\human_attackhand.dm,48
..\code\modules\mob\living\carbon\human\human_attackpaw.dm,8
..\code\modules\mob\living\carbon\human\human_damage.dm,12
..\code\modules\mob\living\carbon\human\human_defense.dm,23
..\code\modules\mob\living\carbon\human\human_defines.dm,4
..\code\modules\mob\living\carbon\human\human_movement.dm,6
..\code\modules\mob\living\carbon\human\inventory.dm,177
..\code\modules\mob\living\carbon\human\life.dm,213
..\code\modules\mob\living\carbon\human\login.dm,0
..\code\modules\mob\living\carbon\human\say.dm,73
..\code\modules\mob\living\carbon\human\update_icons.dm,239
..\code\modules\mob\living\carbon\human\whisper.dm,34
..\code\modules\mob\living\carbon\metroid\death.dm,2
..\code\modules\mob\living\carbon\metroid\emote.dm,24
..\code\modules\mob\living\carbon\metroid\examine.dm,12
..\code\modules\mob\living\carbon\metroid\hud.dm,0
..\code\modules\mob\living\carbon\metroid\life.dm,15
..\code\modules\mob\living\carbon\metroid\login.dm,0
..\code\modules\mob\living\carbon\metroid\metroid.dm,179
..\code\modules\mob\living\carbon\metroid\powers.dm,48
..\code\modules\mob\living\carbon\metroid\say.dm,5
..\code\modules\mob\living\carbon\metroid\subtypes.dm,64
..\code\modules\mob\living\carbon\metroid\update_icons.dm,0
..\code\modules\mob\living\carbon\monkey\death.dm,6
..\code\modules\mob\living\carbon\monkey\emote.dm,60
..\code\modules\mob\living\carbon\monkey\examine.dm,17
..\code\modules\mob\living\carbon\monkey\hud.dm,56
..\code\modules\mob\living\carbon\monkey\inventory.dm,35
..\code\modules\mob\living\carbon\monkey\life.dm,54
..\code\modules\mob\living\carbon\monkey\login.dm,0
..\code\modules\mob\living\carbon\monkey\monkey.dm,103
..\code\modules\mob\living\carbon\monkey\powers.dm,3
..\code\modules\mob\living\carbon\monkey\say.dm,1
..\code\modules\mob\living\carbon\monkey\update_icons.dm,24
..\code\modules\mob\living\silicon\death.dm,2
..\code\modules\mob\living\silicon\login.dm,0
..\code\modules\mob\living\silicon\say.dm,23
..\code\modules\mob\living\silicon\silicon.dm,48
..\code\modules\mob\living\silicon\ai\ai.dm,236
..\code\modules\mob\living\silicon\ai\death.dm,9
..\code\modules\mob\living\silicon\ai\examine.dm,11
..\code\modules\mob\living\silicon\ai\hud.dm,0
..\code\modules\mob\living\silicon\ai\laws.dm,27
..\code\modules\mob\living\silicon\ai\life.dm,21
..\code\modules\mob\living\silicon\ai\login.dm,7
..\code\modules\mob\living\silicon\ai\logout.dm,0
..\code\modules\mob\living\silicon\ai\say.dm,638
..\code\modules\mob\living\silicon\ai\freelook\cameranet.dm,2
..\code\modules\mob\living\silicon\ai\freelook\chunk.dm,2
..\code\modules\mob\living\silicon\ai\freelook\eye.dm,9
..\code\modules\mob\living\silicon\ai\freelook\read_me.dm,0
..\code\modules\mob\living\silicon\ai\freelook\update_triggers.dm,0
..\code\modules\mob\living\silicon\decoy\death.dm,1
..\code\modules\mob\living\silicon\decoy\decoy.dm,8
..\code\modules\mob\living\silicon\decoy\life.dm,0
..\code\modules\mob\living\silicon\mommi\death.dm,6
..\code\modules\mob\living\silicon\mommi\emote.dm,57
..\code\modules\mob\living\silicon\mommi\examine.dm,16
..\code\modules\mob\living\silicon\mommi\hud.dm,32
..\code\modules\mob\living\silicon\mommi\inventory.dm,8
..\code\modules\mob\living\silicon\mommi\laws.dm,11
..\code\modules\mob\living\silicon\mommi\life.dm,23
..\code\modules\mob\living\silicon\mommi\login.dm,0
..\code\modules\mob\living\silicon\mommi\mommi.dm,104
..\code\modules\mob\living\silicon\mommi\mommi_modules.dm,1
..\code\modules\mob\living\silicon\mommi\mommi_movement.dm,0
..\code\modules\mob\living\silicon\mommi\powers.dm,10
..\code\modules\mob\living\silicon\mommi\say.dm,5
..\code\modules\mob\living\silicon\mommi\wires.dm,0
..\code\modules\mob\living\silicon\pai\death.dm,0
..\code\modules\mob\living\silicon\pai\examine.dm,0
..\code\modules\mob\living\silicon\pai\hud.dm,42
..\code\modules\mob\living\silicon\pai\life.dm,3
..\code\modules\mob\living\silicon\pai\pai.dm,71
..\code\modules\mob\living\silicon\pai\personality.dm,12
..\code\modules\mob\living\silicon\pai\recruit.dm,66
..\code\modules\mob\living\silicon\pai\say.dm,6
..\code\modules\mob\living\silicon\pai\software.dm,286
..\code\modules\mob\living\silicon\robot\component.dm,24
..\code\modules\mob\living\silicon\robot\death.dm,6
..\code\modules\mob\living\silicon\robot\emote.dm,54
..\code\modules\mob\living\silicon\robot\examine.dm,20
..\code\modules\mob\living\silicon\robot\hud.dm,36
..\code\modules\mob\living\silicon\robot\inventory.dm,6
..\code\modules\mob\living\silicon\robot\laws.dm,35
..\code\modules\mob\living\silicon\robot\life.dm,30
..\code\modules\mob\living\silicon\robot\login.dm,0
..\code\modules\mob\living\silicon\robot\robot.dm,311
..\code\modules\mob\living\silicon\robot\robot_damage.dm,5
..\code\modules\mob\living\silicon\robot\robot_items.dm,30
..\code\modules\mob\living\silicon\robot\robot_modules.dm,19
..\code\modules\mob\living\silicon\robot\robot_movement.dm,0
..\code\modules\mob\living\silicon\robot\say.dm,5
..\code\modules\mob\living\silicon\robot\wires.dm,28
..\code\modules\mob\living\simple_animal\constructs.dm,64
..\code\modules\mob\living\simple_animal\corpse.dm,15
..\code\modules\mob\living\simple_animal\parrot.dm,122
..\code\modules\mob\living\simple_animal\shade.dm,19
..\code\modules\mob\living\simple_animal\simple_animal.dm,47
..\code\modules\mob\living\simple_animal\vox.dm,47
..\code\modules\mob\living\simple_animal\worm.dm,21
..\code\modules\mob\living\simple_animal\friendly\cat.dm,26
..\code\modules\mob\living\simple_animal\friendly\corgi.dm,170
..\code\modules\mob\living\simple_animal\friendly\crab.dm,18
..\code\modules\mob\living\simple_animal\friendly\farm_animals.dm,101
..\code\modules\mob\living\simple_animal\friendly\lizard.dm,11
..\code\modules\mob\living\simple_animal\friendly\mouse.dm,61
..\code\modules\mob\living\simple_animal\friendly\mushroom.dm,8
..\code\modules\mob\living\simple_animal\friendly\slime.dm,33
..\code\modules\mob\living\simple_animal\friendly\spiderbot.dm,80
..\code\modules\mob\living\simple_animal\friendly\tomato.dm,8
..\code\modules\mob\living\simple_animal\hostile\alien.dm,30
..\code\modules\mob\living\simple_animal\hostile\bear.dm,42
..\code\modules\mob\living\simple_animal\hostile\carp.dm,13
..\code\modules\mob\living\simple_animal\hostile\creature.dm,8
..\code\modules\mob\living\simple_animal\hostile\faithless.dm,12
..\code\modules\mob\living\simple_animal\hostile\giant_spider.dm,30
..\code\modules\mob\living\simple_animal\hostile\hivebot.dm,23
..\code\modules\mob\living\simple_animal\hostile\hostile.dm,2
..\code\modules\mob\living\simple_animal\hostile\mimic.dm,17
..\code\modules\mob\living\simple_animal\hostile\pirate.dm,14
..\code\modules\mob\living\simple_animal\hostile\russian.dm,14
..\code\modules\mob\living\simple_animal\hostile\syndicate.dm,35
..\code\modules\mob\living\simple_animal\hostile\tree.dm,14
..\code\modules\mob\living\simple_animal\hostile\retaliate\clown.dm,15
..\code\modules\mob\living\simple_animal\hostile\retaliate\drone.dm,52
..\code\modules\mob\living\simple_animal\hostile\retaliate\retaliate.dm,0
..\code\modules\mob\new_player\hud.dm,0
..\code\modules\mob\new_player\login.dm,1
..\code\modules\mob\new_player\logout.dm,0
..\code\modules\mob\new_player\new_player.dm,116
..\code\modules\mob\new_player\poll.dm,166
..\code\modules\mob\new_player\preferences_setup.dm,284
..\code\modules\mob\new_player\skill.dm,148
..\code\modules\mob\new_player\sprite_accessories.dm,263
..\code\modules\organs\blood.dm,0
..\code\modules\organs\organ.dm,48
..\code\modules\organs\organ_external.dm,0
..\code\modules\organs\organ_internal.dm,0
..\code\modules\organs\pain.dm,22
..\code\modules\organs\wound.dm,0
..\code\modules\paperwork\clipboard.dm,38
..\code\modules\paperwork\filingcabinet.dm,43
..\code\modules\paperwork\folders.dm,37
..\code\modules\paperwork\handlabeler.dm,20
..\code\modules\paperwork\paper.dm,133
..\code\modules\paperwork\paperbin.dm,15
..\code\modules\paperwork\pen.dm,26
..\code\modules\paperwork\photocopier.dm,42
..\code\modules\paperwork\photography.dm,0
..\code\modules\paperwork\stamps.dm,30
..\code\modules\power\apc.dm,217
..\code\modules\power\cable.dm,90
..\code\modules\power\cable_heavyduty.dm,6
..\code\modules\power\cable_logic.dm,6
..\code\modules\power\cell.dm,12
..\code\modules\power\engine.dm,0
..\code\modules\power\generator.dm,31
..\code\modules\power\generator_type2.dm,19
..\code\modules\power\gravitygenerator.dm,22
..\code\modules\power\lighting.dm,136
..\code\modules\power\port_gen.dm,52
..\code\modules\power\power.dm,2
..\code\modules\power\smes.dm,54
..\code\modules\power\solar.dm,61
..\code\modules\power\switch.dm,0
..\code\modules\power\terminal.dm,5
..\code\modules\power\tracker.dm,6
..\code\modules\power\turbine.dm,42
..\code\modules\power\antimatter\containment_jar.dm,3
..\code\modules\power\antimatter\control.dm,50
..\code\modules\power\antimatter\shielding.dm,11
..\code\modules\power\singularity\collector.dm,26
..\code\modules\power\singularity\containment_field.dm,9
..\code\modules\power\singularity\emitter.dm,55
..\code\modules\power\singularity\field_generator.dm,37
..\code\modules\power\singularity\generator.dm,9
..\code\modules\power\singularity\investigate.dm,2
..\code\modules\power\singularity\singularity.dm,27
..\code\modules\power\singularity\particle_accelerator\particle.dm,5
..\code\modules\power\singularity\particle_accelerator\particle_accelerator.dm,60
..\code\modules\power\singularity\particle_accelerator\particle_chamber.dm,4
..\code\modules\power\singularity\particle_accelerator\particle_control.dm,46
..\code\modules\power\singularity\particle_accelerator\particle_emitter.dm,9
..\code\modules\power\singularity\particle_accelerator\particle_power.dm,4
..\code\modules\projectiles\ammunition.dm,12
..\code\modules\projectiles\gun.dm,34
..\code\modules\projectiles\projectile.dm,20
..\code\modules\projectiles\targeting.dm,56
..\code\modules\projectiles\ammunition\boxes.dm,52
..\code\modules\projectiles\ammunition\bullets.dm,51
..\code\modules\projectiles\guns\energy.dm,7
..\code\modules\projectiles\guns\projectile.dm,12
..\code\modules\projectiles\guns\energy\laser.dm,37
..\code\modules\projectiles\guns\energy\nuclear.dm,28
..\code\modules\projectiles\guns\energy\pulse.dm,19
..\code\modules\projectiles\guns\energy\special.dm,55
..\code\modules\projectiles\guns\energy\stun.dm,26
..\code\modules\projectiles\guns\energy\temperature.dm,14
..\code\modules\projectiles\guns\projectile\automatic.dm,37
..\code\modules\projectiles\guns\projectile\bow.dm,48
..\code\modules\projectiles\guns\projectile\pistol.dm,39
..\code\modules\projectiles\guns\projectile\pneumatic.dm,31
..\code\modules\projectiles\guns\projectile\revolver.dm,50
..\code\modules\projectiles\guns\projectile\shotgun.dm,30
..\code\modules\projectiles\projectile\animate.dm,3
..\code\modules\projectiles\projectile\beams.dm,35
..\code\modules\projectiles\projectile\bullets.dm,7
..\code\modules\projectiles\projectile\change.dm,26
..\code\modules\projectiles\projectile\energy.dm,14
..\code\modules\projectiles\projectile\force.dm,6
..\code\modules\projectiles\projectile\special.dm,24
..\code\modules\reagents\Chemistry-Colours.dm,0
..\code\modules\reagents\Chemistry-Holder.dm,19
..\code\modules\reagents\Chemistry-Machinery.dm,324
..\code\modules\reagents\Chemistry-Readme.dm,0
..\code\modules\reagents\Chemistry-Reagents-Antidepressants.dm,35
..\code\modules\reagents\Chemistry-Reagents.dm,1079
..\code\modules\reagents\Chemistry-Recipes.dm,906
..\code\modules\reagents\dartgun.dm,66
..\code\modules\reagents\grenade_launcher.dm,14
..\code\modules\reagents\reagent_containers.dm,8
..\code\modules\reagents\reagent_dispenser.dm,49
..\code\modules\reagents\syringe_gun.dm,26
..\code\modules\reagents\reagent_containers\blood_pack.dm,23
..\code\modules\reagents\reagent_containers\borghydro.dm,14
..\code\modules\reagents\reagent_containers\dropper.dm,18
..\code\modules\reagents\reagent_containers\food.dm,0
..\code\modules\reagents\reagent_containers\glass.dm,60
..\code\modules\reagents\reagent_containers\hypospray.dm,22
..\code\modules\reagents\reagent_containers\pill.dm,72
..\code\modules\reagents\reagent_containers\robodropper.dm,18
..\code\modules\reagents\reagent_containers\spray.dm,55
..\code\modules\reagents\reagent_containers\syringes.dm,84
..\code\modules\reagents\reagent_containers\food\condiment.dm,73
..\code\modules\reagents\reagent_containers\food\drinks.dm,130
..\code\modules\reagents\reagent_containers\food\snacks.dm,951
..\code\modules\reagents\reagent_containers\food\drinks\bottle.dm,102
..\code\modules\reagents\reagent_containers\food\drinks\drinkingglass.dm,443
..\code\modules\reagents\reagent_containers\food\drinks\jar.dm,15
..\code\modules\reagents\reagent_containers\food\drinks\bottle\robot.dm,0
..\code\modules\reagents\reagent_containers\food\snacks\grown.dm,330
..\code\modules\reagents\reagent_containers\food\snacks\meat.dm,10
..\code\modules\reagents\reagent_containers\glass\bottle.dm,122
..\code\modules\reagents\reagent_containers\glass\bottle\robot.dm,11
..\code\modules\recycling\conveyor2.dm,17
..\code\modules\recycling\disposal-construction.dm,37
..\code\modules\recycling\disposal.dm,102
..\code\modules\recycling\sortingmachinery.dm,72
..\code\modules\research\circuitprinter.dm,15
..\code\modules\research\designs.dm,0
..\code\modules\research\destructive_analyzer.dm,16
..\code\modules\research\message_server.dm,127
..\code\modules\research\protolathe.dm,18
..\code\modules\research\rd-readme.dm,0
..\code\modules\research\rdconsole.dm,351
..\code\modules\research\rdmachines.dm,30
..\code\modules\research\research.dm,0
..\code\modules\research\research_shuttle.dm,0
..\code\modules\research\server.dm,87
..\code\modules\research\xenoarchaeology\areas.dm,38
..\code\modules\research\xenoarchaeology\chemistry.dm,65
..\code\modules\research\xenoarchaeology\geosample.dm,49
..\code\modules\research\xenoarchaeology\manuals.dm,30
..\code\modules\research\xenoarchaeology\misc.dm,29
..\code\modules\research\xenoarchaeology\readme.dm,0
..\code\modules\research\xenoarchaeology\artifact\artifact.dm,15
..\code\modules\research\xenoarchaeology\artifact\artifact_autocloner.dm,15
..\code\modules\research\xenoarchaeology\artifact\artifact_crystal.dm,10
..\code\modules\research\xenoarchaeology\artifact\artifact_gigadrill.dm,8
..\code\modules\research\xenoarchaeology\artifact\artifact_hoverpod.dm,5
..\code\modules\research\xenoarchaeology\artifact\artifact_replicator.dm,18
..\code\modules\research\xenoarchaeology\artifact\artifact_unknown.dm,31
..\code\modules\research\xenoarchaeology\artifact\effect.dm,14
..\code\modules\research\xenoarchaeology\artifact\effects\unknown_affect_cold.dm,1
..\code\modules\research\xenoarchaeology\artifact\effects\unknown_effect_badfeeling.dm,29
..\code\modules\research\xenoarchaeology\artifact\effects\unknown_effect_cellcharge.dm,4
..\code\modules\research\xenoarchaeology\artifact\effects\unknown_effect_celldrain.dm,4
..\code\modules\research\xenoarchaeology\artifact\effects\unknown_effect_dnaswitch.dm,22
..\code\modules\research\xenoarchaeology\artifact\effects\unknown_effect_emp.dm,1
..\code\modules\research\xenoarchaeology\artifact\effects\unknown_effect_forcefield.dm,1
..\code\modules\research\xenoarchaeology\artifact\effects\unknown_effect_gasco2.dm,1
..\code\modules\research\xenoarchaeology\artifact\effects\unknown_effect_gasnitro.dm,1
..\code\modules\research\xenoarchaeology\artifact\effects\unknown_effect_gasoxy.dm,1
..\code\modules\research\xenoarchaeology\artifact\effects\unknown_effect_gasplasma.dm,1
..\code\modules\research\xenoarchaeology\artifact\effects\unknown_effect_gassleeping.dm,1
..\code\modules\research\xenoarchaeology\artifact\effects\unknown_effect_goodfeeling.dm,27
..\code\modules\research\xenoarchaeology\artifact\effects\unknown_effect_heal.dm,5
..\code\modules\research\xenoarchaeology\artifact\effects\unknown_effect_heat.dm,1
..\code\modules\research\xenoarchaeology\artifact\effects\unknown_effect_hurt.dm,4
..\code\modules\research\xenoarchaeology\artifact\effects\unknown_effect_radiate.dm,1
..\code\modules\research\xenoarchaeology\artifact\effects\unknown_effect_roboheal.dm,4
..\code\modules\research\xenoarchaeology\artifact\effects\unknown_effect_robohurt.dm,4
..\code\modules\research\xenoarchaeology\artifact\effects\unknown_effect_sleepy.dm,13
..\code\modules\research\xenoarchaeology\artifact\effects\unknown_effect_stun.dm,5
..\code\modules\research\xenoarchaeology\artifact\effects\unknown_effect_teleport.dm,4
..\code\modules\research\xenoarchaeology\finds\finds.dm,141
..\code\modules\research\xenoarchaeology\finds\finds_defines.dm,35
..\code\modules\research\xenoarchaeology\finds\finds_fossils.dm,39
..\code\modules\research\xenoarchaeology\finds\finds_misc.dm,12
..\code\modules\research\xenoarchaeology\finds\finds_talkingitem.dm,24
..\code\modules\research\xenoarchaeology\machinery\analysis_accelerator.dm,8
..\code\modules\research\xenoarchaeology\machinery\analysis_base.dm,36
..\code\modules\research\xenoarchaeology\machinery\analysis_fourier_transform.dm,5
..\code\modules\research\xenoarchaeology\machinery\analysis_gas_chromatography.dm,7
..\code\modules\research\xenoarchaeology\machinery\analysis_hyperspectral.dm,15
..\code\modules\research\xenoarchaeology\machinery\analysis_ion_mobility.dm,8
..\code\modules\research\xenoarchaeology\machinery\analysis_isotope_ratio.dm,10
..\code\modules\research\xenoarchaeology\machinery\artifact_analyser.dm,73
..\code\modules\research\xenoarchaeology\machinery\artifact_harvester.dm,53
..\code\modules\research\xenoarchaeology\machinery\artifact_scanner.dm,3
..\code\modules\research\xenoarchaeology\tools\ano_device_battery.dm,48
..\code\modules\research\xenoarchaeology\tools\anomaly_suit.dm,16
..\code\modules\research\xenoarchaeology\tools\bunsen_burner.dm,14
..\code\modules\research\xenoarchaeology\tools\gearbelt.dm,25
..\code\modules\research\xenoarchaeology\tools\suspension_generator.dm,107
..\code\modules\research\xenoarchaeology\tools\tools.dm,8
..\code\modules\research\xenoarchaeology\tools\tools_coresampler.dm,26
..\code\modules\research\xenoarchaeology\tools\tools_depthscanner.dm,40
..\code\modules\research\xenoarchaeology\tools\tools_locater.dm,22
..\code\modules\research\xenoarchaeology\tools\tools_pickaxe.dm,51
..\code\modules\scripting\Errors.dm,41
..\code\modules\scripting\IDE.dm,95
..\code\modules\scripting\Options.dm,55
..\code\modules\scripting\stack.dm,0
..\code\modules\scripting\AST\AST Nodes.dm,4
..\code\modules\scripting\AST\Blocks.dm,1
..\code\modules\scripting\AST\Statements.dm,0
..\code\modules\scripting\AST\Operators\Binary Operators.dm,0
..\code\modules\scripting\AST\Operators\Unary Operators.dm,3
..\code\modules\scripting\Implementations\_Logic.dm,5
..\code\modules\scripting\Implementations\Telecomms.dm,125
..\code\modules\scripting\Interpreter\Evaluation.dm,15
..\code\modules\scripting\Interpreter\Interaction.dm,2
..\code\modules\scripting\Interpreter\Interpreter.dm,3
..\code\modules\scripting\Interpreter\Scope.dm,0
..\code\modules\scripting\Parser\Expressions.dm,20
..\code\modules\scripting\Parser\Keywords.dm,14
..\code\modules\scripting\Parser\Parser.dm,8
..\code\modules\scripting\Scanner\Scanner.dm,24
..\code\modules\scripting\Scanner\Tokens.dm,1
..\code\modules\security levels\keycard authentication.dm,46
..\code\modules\security levels\security levels.dm,32
..\code\modules\surgery\appendix.dm,17
..\code\modules\surgery\bones.dm,30
..\code\modules\surgery\braincore.dm,60
..\code\modules\surgery\eye.dm,25
..\code\modules\surgery\face.dm,26
..\code\modules\surgery\generic.dm,61
..\code\modules\surgery\implant.dm,48
..\code\modules\surgery\other.dm,7
..\code\modules\surgery\ribcage.dm,63
..\code\modules\surgery\robolimbs.dm,24
..\code\modules\surgery\surgery.dm,1
..\code\modules\virus2\analyser.dm,9
..\code\modules\virus2\antibodies.dm,29
..\code\modules\virus2\centrifuge.dm,46
..\code\modules\virus2\curer.dm,34
..\code\modules\virus2\disease2.dm,24
..\code\modules\virus2\diseasesplicer.dm,37
..\code\modules\virus2\dishincubator.dm,59
..\code\modules\virus2\effect.dm,63
..\code\modules\virus2\helpers.dm,4
..\code\modules\virus2\isolator.dm,27
..\code\modules\virus2\items_devices.dm,17
..\code\WorkInProgress\autopsy.dm,44
..\code\WorkInProgress\buildmode.dm,113
..\code\WorkInProgress\explosion_particles.dm,4
..\code\WorkInProgress\periodic_news.dm,27
..\code\WorkInProgress\Cael_Aislinn\Economy\Accounts.dm,103
..\code\WorkInProgress\Cael_Aislinn\Economy\Economy.dm,4
..\code\WorkInProgress\Cael_Aislinn\Economy\Economy_Events.dm,17
..\code\WorkInProgress\Cael_Aislinn\Economy\Economy_Events_Mundane.dm,135
..\code\WorkInProgress\Cael_Aislinn\Economy\Economy_TradeDestinations.dm,22
..\code\WorkInProgress\Cael_Aislinn\Economy\EFTPOS.dm,83
..\code\WorkInProgress\Cael_Aislinn\Economy\Job_Departments.dm,35
..\code\WorkInProgress\Cael_Aislinn\Rust\areas.dm,25
..\code\WorkInProgress\Cael_Aislinn\Rust\circuits_and_design.dm,83
..\code\WorkInProgress\Cael_Aislinn\Rust\core_control.dm,47
..\code\WorkInProgress\Cael_Aislinn\Rust\core_field.dm,10
..\code\WorkInProgress\Cael_Aislinn\Rust\core_gen.dm,64
..\code\WorkInProgress\Cael_Aislinn\Rust\core_monitor.dm,0
..\code\WorkInProgress\Cael_Aislinn\Rust\fuel_assembly.dm,2
..\code\WorkInProgress\Cael_Aislinn\Rust\fuel_assembly_port.dm,15
..\code\WorkInProgress\Cael_Aislinn\Rust\fuel_assembly_port_construction.dm,28
..\code\WorkInProgress\Cael_Aislinn\Rust\fuel_compressor.dm,31
..\code\WorkInProgress\Cael_Aislinn\Rust\fuel_compressor_construction.dm,35
..\code\WorkInProgress\Cael_Aislinn\Rust\fuel_control.dm,55
..\code\WorkInProgress\Cael_Aislinn\Rust\fuel_injector.dm,76
..\code\WorkInProgress\Cael_Aislinn\Rust\fusion_reactions.dm,42
..\code\WorkInProgress\Cael_Aislinn\Rust\gyrotron.dm,39
..\code\WorkInProgress\Cael_Aislinn\Rust\gyrotron_controller.dm,20
..\code\WorkInProgress\Cael_Aislinn\Rust\radiation.dm,2
..\code\WorkInProgress\Cael_Aislinn\Rust\virtual_particle_catcher.dm,5
..\code\WorkInProgress\Cael_Aislinn\ShieldGen\circuits_and_designs.dm,66
..\code\WorkInProgress\Cael_Aislinn\ShieldGen\energy_field.dm,3
..\code\WorkInProgress\Cael_Aislinn\ShieldGen\shield_capacitor.dm,30
..\code\WorkInProgress\Cael_Aislinn\ShieldGen\shield_gen.dm,38
..\code\WorkInProgress\Cael_Aislinn\ShieldGen\shield_gen_external.dm,0
..\code\WorkInProgress\Chinsky\ashtray.dm,46
..\code\WorkInProgress\Cib\MedicalSideEffects.dm,54
..\code\WorkInProgress\Mini\ATM.dm,69
..\code\WorkInProgress\Mini\atmos_control.dm,120
..\code\WorkInProgress\Ported\policetape.dm,39
..\code\WorkInProgress\SkyMarshal\officer_stuff.dm,24
..\code\WorkInProgress\SkyMarshal\Ultralight_procs.dm,0
..\code\ZAS\Airflow.dm,24
..\code\ZAS\Connection.dm,5
..\code\ZAS\Debug.dm,35
..\code\ZAS\FEA_gas_mixture.dm,2
..\code\ZAS\FEA_system.dm,8
..\code\ZAS\Fire.dm,18
..\code\ZAS\Functions.dm,2
..\code\ZAS\NewSettings.dm,0
..\code\ZAS\Plasma.dm,4
..\code\ZAS\ZAS_Turfs.dm,6
..\code\ZAS\ZAS_Zones.dm,16
..\interface\interface.dm,23
..\maps\RandomZLevels\Academy.dm,14
..\maps\RandomZLevels\challenge.dm,9
..\maps\RandomZLevels\stationCollision.dm,28
..\maps\RandomZLevels\wildwest.dm,56
